{"cameraMode":{"drawMode":0,"name":"Shaded","section":"Shading Mode"},"sceneLighting":false,"audioPlay":false,"sceneViewState":{"showFog":true,"showMaterialUpdate":false,"showSkybox":true,"showFlares":true,"showImageEffects":true,"showParticleSystems":true},"in2DMode":false,"pivot":{"x":-0.7887944579124451,"y":1.4431809186935425,"z":1.421238899230957},"rotation":{"x":-0.015423433855175972,"y":0.9841792583465576,"z":-0.11000694334506989,"w":-0.13820739090442658},"size":7.845664024353027,"orthographic":false}