{"cameraMode":{"drawMode":0,"name":"Shaded","section":"Shading Mode"},"sceneLighting":false,"audioPlay":false,"sceneViewState":{"showFog":true,"showMaterialUpdate":false,"showSkybox":true,"showFlares":true,"showImageEffects":true,"showParticleSystems":true},"in2DMode":false,"pivot":{"x":-7.021895408630371,"y":-0.79280686378479,"z":0.8785463571548462},"rotation":{"x":-0.017089074477553369,"y":0.3611895442008972,"z":-0.006574626546353102,"w":-0.9323737621307373},"size":9.074108123779297,"orthographic":false}