{"cameraMode":{"drawMode":0,"name":"Shaded","section":"Shading Mode"},"sceneLighting":false,"audioPlay":false,"sceneViewState":{"showFog":true,"showMaterialUpdate":false,"showSkybox":true,"showFlares":true,"showImageEffects":true,"showParticleSystems":true},"in2DMode":false,"pivot":{"x":0.0,"y":1.6924340724945069,"z":-0.28951117396354678},"rotation":{"x":-0.0058591654524207119,"y":-0.9923304319381714,"z":0.11242086440324784,"w":-0.05153948441147804},"size":8.56401252746582,"orthographic":false}