{"cameraMode":{"drawMode":0,"name":"Shaded","section":"Shading Mode"},"sceneLighting":false,"audioPlay":false,"sceneViewState":{"showFog":true,"showMaterialUpdate":false,"showSkybox":true,"showFlares":true,"showImageEffects":true,"showParticleSystems":true},"in2DMode":false,"pivot":{"x":-1.1920928955078126e-7,"y":1.6064081192016602,"z":-0.39355456829071047},"rotation":{"x":-0.0012379396939650179,"y":0.9902263879776001,"z":-0.1393527239561081,"w":-0.008929068222641945},"size":8.313179016113282,"orthographic":false}