{"cameraMode":{"drawMode":0,"name":"Shaded","section":"Shading Mode"},"sceneLighting":false,"audioPlay":false,"sceneViewState":{"showFog":true,"showMaterialUpdate":false,"showSkybox":true,"showFlares":true,"showImageEffects":true,"showParticleSystems":true},"in2DMode":false,"pivot":{"x":-0.04424106329679489,"y":0.5238195657730103,"z":-0.4055721163749695},"rotation":{"x":0.019821612164378167,"y":0.28455090522766116,"z":0.005930040962994099,"w":-0.9584969878196716},"size":2.0975096225738527,"orthographic":false}