{"cameraMode":{"drawMode":0,"name":"Shaded","section":"Shading Mode"},"sceneLighting":false,"audioPlay":false,"sceneViewState":{"showFog":true,"showMaterialUpdate":false,"showSkybox":true,"showFlares":true,"showImageEffects":true,"showParticleSystems":true},"in2DMode":false,"pivot":{"x":112.4000015258789,"y":0.0072820186614990238,"z":131.21853637695313},"rotation":{"x":-0.18160678446292878,"y":-0.2287217527627945,"z":0.043425302952528,"w":-0.9555241465568543},"size":12.427241325378418,"orthographic":false}