{"cameraMode":{"drawMode":0,"name":"Shaded","section":"Shading Mode"},"sceneLighting":false,"audioPlay":false,"sceneViewState":{"showFog":true,"showMaterialUpdate":false,"showSkybox":true,"showFlares":true,"showImageEffects":true,"showParticleSystems":true},"in2DMode":false,"pivot":{"x":427.4718933105469,"y":1.078206181526184,"z":8.154614448547364},"rotation":{"x":-0.2481936663389206,"y":-0.6641706228256226,"z":0.24999916553497315,"w":-0.6593925356864929},"size":6.453780651092529,"orthographic":false}