{"cameraMode":{"drawMode":0,"name":"Shaded","section":"Shading Mode"},"sceneLighting":false,"audioPlay":false,"sceneViewState":{"showFog":true,"showMaterialUpdate":false,"showSkybox":true,"showFlares":true,"showImageEffects":true,"showParticleSystems":true},"in2DMode":false,"pivot":{"x":-1.1920928955078126e-7,"y":1.5569300651550294,"z":-0.12103870511054993},"rotation":{"x":-0.0058591654524207119,"y":-0.9923304319381714,"z":0.11242086440324784,"w":-0.05153948441147804},"size":7.924224376678467,"orthographic":false}