{"cameraMode":{"drawMode":0,"name":"Shaded","section":"Shading Mode"},"sceneLighting":false,"audioPlay":false,"sceneViewState":{"showFog":true,"showMaterialUpdate":false,"showSkybox":true,"showFlares":true,"showImageEffects":true,"showParticleSystems":true},"in2DMode":false,"pivot":{"x":139.33958435058595,"y":6.871634483337402,"z":101.03693389892578},"rotation":{"x":-0.21289792656898499,"y":0.050365038216114047,"z":-0.011049061082303524,"w":-0.9758262634277344},"size":46.927398681640628,"orthographic":false}