{"cameraMode":{"drawMode":0,"name":"Shaded","section":"Shading Mode"},"sceneLighting":false,"audioPlay":false,"sceneViewState":{"showFog":true,"showMaterialUpdate":false,"showSkybox":true,"showFlares":true,"showImageEffects":true,"showParticleSystems":true},"in2DMode":false,"pivot":{"x":-5.631829738616943,"y":0.8865432739257813,"z":5.862285137176514},"rotation":{"x":-0.24972885847091676,"y":-0.588537335395813,"z":0.19797711074352265,"w":-0.7431381940841675},"size":6.626499176025391,"orthographic":false}