{"cameraMode":{"drawMode":0,"name":"Shaded","section":"Shading Mode"},"sceneLighting":false,"audioPlay":false,"sceneViewState":{"showFog":true,"showMaterialUpdate":false,"showSkybox":true,"showFlares":true,"showImageEffects":true,"showParticleSystems":true},"in2DMode":false,"pivot":{"x":447.7248840332031,"y":0.05228201672434807,"z":122.83169555664063},"rotation":{"x":-0.16150996088981629,"y":-0.1891118437051773,"z":0.0315726175904274,"w":-0.9681212306022644},"size":13.020368576049805,"orthographic":false}