{"cameraMode":{"drawMode":0,"name":"Shaded","section":"Shading Mode"},"sceneLighting":false,"audioPlay":false,"sceneViewState":{"showFog":true,"showMaterialUpdate":false,"showSkybox":true,"showFlares":true,"showImageEffects":true,"showParticleSystems":true},"in2DMode":false,"pivot":{"x":429.9703674316406,"y":2.9776382446289064,"z":25.804658889770509},"rotation":{"x":-0.03030501678586006,"y":-0.009893761947751046,"z":0.0002681126934476197,"w":-0.999522864818573},"size":10.931622505187989,"orthographic":false}