{"cameraMode":{"drawMode":0,"name":"Shaded","section":"Shading Mode"},"sceneLighting":true,"audioPlay":false,"sceneViewState":{"showFog":true,"showMaterialUpdate":false,"showSkybox":true,"showFlares":true,"showImageEffects":true,"showParticleSystems":true},"in2DMode":false,"pivot":{"x":428.5299987792969,"y":2.2199997901916506,"z":10.8788480758667},"rotation":{"x":0.2003995180130005,"y":0.6825504899024963,"z":-0.2033129185438156,"w":0.6727874279022217},"size":12.236024856567383,"orthographic":false}