{"cameraMode":{"drawMode":0,"name":"Shaded","section":"Shading Mode"},"sceneLighting":false,"audioPlay":false,"sceneViewState":{"showFog":true,"showMaterialUpdate":false,"showSkybox":true,"showFlares":true,"showImageEffects":true,"showParticleSystems":true},"in2DMode":false,"pivot":{"x":0.0,"y":1.1920928955078126e-7,"z":6.630000591278076},"rotation":{"x":-0.17821185290813447,"y":0.5735505223274231,"z":-0.12932269275188447,"w":-0.7890741229057312},"size":2.857883930206299,"orthographic":false}