{"cameraMode":{"drawMode":0,"name":"Shaded","section":"Shading Mode"},"sceneLighting":false,"audioPlay":false,"sceneViewState":{"showFog":true,"showMaterialUpdate":false,"showSkybox":true,"showFlares":true,"showImageEffects":true,"showParticleSystems":true},"in2DMode":false,"pivot":{"x":83.45753479003906,"y":1.588443398475647,"z":139.32774353027345},"rotation":{"x":-0.00030864469590596855,"y":-0.07285066694021225,"z":0.000032851679861778393,"w":-0.9973951578140259},"size":7.8022565841674809,"orthographic":false}