{"cameraMode":{"drawMode":0,"name":"Shaded","section":"Shading Mode"},"sceneLighting":false,"audioPlay":false,"sceneViewState":{"showFog":true,"showMaterialUpdate":false,"showSkybox":true,"showFlares":true,"showImageEffects":true,"showParticleSystems":true},"in2DMode":false,"pivot":{"x":0.0,"y":5.7785444259643559,"z":-0.6719708442687988},"rotation":{"x":-0.006219529081135988,"y":0.9919214844703674,"z":-0.1153901070356369,"w":-0.05332313850522041},"size":52.895206451416019,"orthographic":false}