{"cameraMode":{"drawMode":0,"name":"Shaded","section":"Shading Mode"},"sceneLighting":true,"audioPlay":false,"sceneViewState":{"showFog":true,"showMaterialUpdate":false,"showSkybox":true,"showFlares":true,"showImageEffects":true,"showParticleSystems":true},"in2DMode":false,"pivot":{"x":428.2900085449219,"y":15.388999938964844,"z":238.89999389648438},"rotation":{"x":0.23121808469295503,"y":0.12931619584560395,"z":-0.03139113262295723,"w":0.9638000130653381},"size":24.400758743286134,"orthographic":false}