{"cameraMode":{"drawMode":0,"name":"Shaded","section":"Shading Mode"},"sceneLighting":false,"audioPlay":false,"sceneViewState":{"showFog":true,"showMaterialUpdate":false,"showSkybox":true,"showFlares":true,"showImageEffects":true,"showParticleSystems":true},"in2DMode":false,"pivot":{"x":-1.942890293094024e-14,"y":1.9785215854644776,"z":0.027504682540893556},"rotation":{"x":0.036691322922706607,"y":-0.9334927797317505,"z":0.10009666532278061,"w":0.34245607256889346},"size":3.334212064743042,"orthographic":false}