{"cameraMode":{"drawMode":0,"name":"Shaded","section":"Shading Mode"},"sceneLighting":false,"audioPlay":false,"sceneViewState":{"showFog":true,"showMaterialUpdate":false,"showSkybox":true,"showFlares":true,"showImageEffects":true,"showParticleSystems":true},"in2DMode":false,"pivot":{"x":0.0,"y":1.697659969329834,"z":-0.2888411283493042},"rotation":{"x":0.043459612876176837,"y":-0.9467901587486267,"z":0.14485198259353639,"w":0.2841944992542267},"size":8.514289855957032,"orthographic":false}