{"cameraMode":{"drawMode":0,"name":"Shaded","section":"Shading Mode"},"sceneLighting":false,"audioPlay":false,"sceneViewState":{"showFog":true,"showMaterialUpdate":false,"showSkybox":true,"showFlares":true,"showImageEffects":true,"showParticleSystems":true},"in2DMode":false,"pivot":{"x":429.5799865722656,"y":0.8705416917800903,"z":3.8499999046325685},"rotation":{"x":0.26853346824645998,"y":-0.05919507518410683,"z":0.016535652801394464,"w":0.961307942867279},"size":11.671928405761719,"orthographic":false}