{"cameraMode":{"drawMode":0,"name":"Shaded","section":"Shading Mode"},"sceneLighting":false,"audioPlay":false,"sceneViewState":{"showFog":true,"showMaterialUpdate":false,"showSkybox":true,"showFlares":true,"showImageEffects":true,"showParticleSystems":true},"in2DMode":false,"pivot":{"x":430.31195068359377,"y":4.848749160766602,"z":59.04955291748047},"rotation":{"x":-0.22651170194149018,"y":0.14261028170585633,"z":-0.033394139260053638,"w":-0.9629715085029602},"size":88.85691833496094,"orthographic":false}