{"cameraMode":{"drawMode":0,"name":"Shaded","section":"Shading Mode"},"sceneLighting":false,"audioPlay":false,"sceneViewState":{"showFog":true,"showMaterialUpdate":false,"showSkybox":true,"showFlares":true,"showImageEffects":true,"showParticleSystems":true},"in2DMode":false,"pivot":{"x":447.2749938964844,"y":7.663254261016846,"z":21.06070327758789},"rotation":{"x":-0.15958964824676515,"y":0.19556982815265656,"z":-0.032070815563201907,"w":-0.9671320915222168},"size":48.85005569458008,"orthographic":false}