{"cameraMode":{"drawMode":0,"name":"Shaded","section":"Shading Mode"},"sceneLighting":false,"audioPlay":false,"sceneViewState":{"showFog":true,"showMaterialUpdate":false,"showSkybox":true,"showFlares":true,"showImageEffects":true,"showParticleSystems":true},"in2DMode":false,"pivot":{"x":-0.18577122688293458,"y":0.050197161734104159,"z":-2.5542519092559816},"rotation":{"x":0.019821612164378167,"y":0.28455090522766116,"z":0.005930040962994099,"w":-0.9584969878196716},"size":0.6902745962142944,"orthographic":false}